Count,Message,Traceback,Nodes
7,URL http://umejima-vpc-elb-394473554.ap-northeast-1.elb.amazonaws.com/app/rest/postBinary: code=502,"  File ""/usr/local/lib/python3.7/site-packages/locust/core.py"", line 400, in run
    self.execute_next_task()
  File ""/usr/local/lib/python3.7/site-packages/locust/core.py"", line 430, in execute_next_task
    self.execute_task(task[""callable""], *task[""args""], **task[""kwargs""])
  File ""/usr/local/lib/python3.7/site-packages/locust/core.py"", line 442, in execute_task
    task(self, *args, **kwargs)
  File ""/locust/apis/scenario2/scenario.py"", line 34, in call
    raise response.error
  File ""/usr/local/lib/python3.7/site-packages/locust/contrib/fasthttp.py"", line 116, in _send_request_safe_mode
    return self.client.urlopen(url, method=method, **kwargs)
  File ""/usr/local/lib/python3.7/site-packages/geventhttpclient/useragent.py"", line 368, in urlopen
    last_error = self._handle_error(e, url=req.url)
  File ""/usr/local/lib/python3.7/site-packages/geventhttpclient/useragent.py"", line 319, in _handle_error
    raise reraise(type(e), e, sys.exc_info()[2])
  File ""/usr/local/lib/python3.7/site-packages/six.py"", line 703, in reraise
    raise value
  File ""/usr/local/lib/python3.7/site-packages/geventhttpclient/useragent.py"", line 360, in urlopen
    self._verify_status(resp.status_code, url=req.url)
  File ""/usr/local/lib/python3.7/site-packages/geventhttpclient/useragent.py"", line 302, in _verify_status
    raise BadStatusCode(url, code=status_code)
","63f10d49aeae_9f2ecb1068c54bb89c9793f62a368175, 67a250ff6e70_2cfe55008af24743bf4c035a7aa15331, 83fa7403e2ec_b41d69367a3a4ddd873170f8892e04a0, 65eed865c07a_63627575dcbd42339ca48481cb8e9e6e, 88803ef5f9e5_b49d012cc1b5404c8d15eb9d7f4ed112, 258c356af8a9_8f2a1be3622c4d52a500e154e882315f, cd0022de7870_3475819d3e1c4bd2aa564400adce0f3f"
